<ImportExportXml version="9.1.0.25832" SolutionPackageVersion="9.1" languagecode="1033" generatedBy="CrmLive" xmlns:xsi="http://www.w3.org/2001/XMLSchema-instance">
  <SolutionManifest>
    <UniqueName>DevOpsCandy</UniqueName>
    <LocalizedNames>
      <LocalizedName description="DevOps Candy" languagecode="1033" />
    </LocalizedNames>
    <Descriptions>
      <Description description="Upgrade of DevOps Candy" languagecode="1033" />
    </Descriptions>
    <Version>2.1.0.0</Version>
    <Managed>1</Managed>
    <Publisher>
      <UniqueName>devops</UniqueName>
      <LocalizedNames>
        <LocalizedName description="DevOps" languagecode="1033" />
      </LocalizedNames>
      <Descriptions>
        <Description description="Publisher for DevOps" languagecode="1033" />
      </Descriptions>
      <EMailAddress xsi:nil="true"></EMailAddress>
      <SupportingWebsiteUrl xsi:nil="true"></SupportingWebsiteUrl>
      <CustomizationPrefix>devops</CustomizationPrefix>
      <CustomizationOptionValuePrefix>23661</CustomizationOptionValuePrefix>
      <Addresses>
        <Address>
          <AddressNumber>1</AddressNumber>
          <AddressTypeCode>1</AddressTypeCode>
          <City xsi:nil="true"></City>
          <County xsi:nil="true"></County>
          <Country xsi:nil="true"></Country>
          <Fax xsi:nil="true"></Fax>
          <FreightTermsCode xsi:nil="true"></FreightTermsCode>
          <ImportSequenceNumber xsi:nil="true"></ImportSequenceNumber>
          <Latitude xsi:nil="true"></Latitude>
          <Line1 xsi:nil="true"></Line1>
          <Line2 xsi:nil="true"></Line2>
          <Line3 xsi:nil="true"></Line3>
          <Longitude xsi:nil="true"></Longitude>
          <Name xsi:nil="true"></Name>
          <PostalCode xsi:nil="true"></PostalCode>
          <PostOfficeBox xsi:nil="true"></PostOfficeBox>
          <PrimaryContactName xsi:nil="true"></PrimaryContactName>
          <ShippingMethodCode>1</ShippingMethodCode>
          <StateOrProvince xsi:nil="true"></StateOrProvince>
          <Telephone1 xsi:nil="true"></Telephone1>
          <Telephone2 xsi:nil="true"></Telephone2>
          <Telephone3 xsi:nil="true"></Telephone3>
          <TimeZoneRuleVersionNumber xsi:nil="true"></TimeZoneRuleVersionNumber>
          <UPSZone xsi:nil="true"></UPSZone>
          <UTCOffset xsi:nil="true"></UTCOffset>
          <UTCConversionTimeZoneCode xsi:nil="true"></UTCConversionTimeZoneCode>
        </Address>
        <Address>
          <AddressNumber>2</AddressNumber>
          <AddressTypeCode>1</AddressTypeCode>
          <City xsi:nil="true"></City>
          <County xsi:nil="true"></County>
          <Country xsi:nil="true"></Country>
          <Fax xsi:nil="true"></Fax>
          <FreightTermsCode xsi:nil="true"></FreightTermsCode>
          <ImportSequenceNumber xsi:nil="true"></ImportSequenceNumber>
          <Latitude xsi:nil="true"></Latitude>
          <Line1 xsi:nil="true"></Line1>
          <Line2 xsi:nil="true"></Line2>
          <Line3 xsi:nil="true"></Line3>
          <Longitude xsi:nil="true"></Longitude>
          <Name xsi:nil="true"></Name>
          <PostalCode xsi:nil="true"></PostalCode>
          <PostOfficeBox xsi:nil="true"></PostOfficeBox>
          <PrimaryContactName xsi:nil="true"></PrimaryContactName>
          <ShippingMethodCode>1</ShippingMethodCode>
          <StateOrProvince xsi:nil="true"></StateOrProvince>
          <Telephone1 xsi:nil="true"></Telephone1>
          <Telephone2 xsi:nil="true"></Telephone2>
          <Telephone3 xsi:nil="true"></Telephone3>
          <TimeZoneRuleVersionNumber xsi:nil="true"></TimeZoneRuleVersionNumber>
          <UPSZone xsi:nil="true"></UPSZone>
          <UTCOffset xsi:nil="true"></UTCOffset>
          <UTCConversionTimeZoneCode xsi:nil="true"></UTCConversionTimeZoneCode>
        </Address>
      </Addresses>
    </Publisher>
    <RootComponents>
      <RootComponent type="1" schemaName="devops_deployment" behavior="0" />
      <RootComponent type="1" schemaName="devops_environment" behavior="0" />
      <RootComponent type="1" schemaName="devops_exportstatus" behavior="0" />
      <RootComponent type="1" schemaName="devops_importstatus" behavior="0" />
      <RootComponent type="1" schemaName="devops_solution" behavior="0" />
      <RootComponent type="1" schemaName="devops_solutiondeploymentorder" behavior="0" />
      <RootComponent type="29" id="{7ecb30cc-8a00-40be-ab2f-889ae69d349d}" behavior="0" />
      <RootComponent type="29" id="{80388484-2e1f-4c46-afb6-5df3d0bb7973}" behavior="0" />
      <RootComponent type="60" id="{536dd86c-07f9-4adf-8622-50a94a44c9a8}" behavior="0" />
      <RootComponent type="60" id="{619d40bc-85d4-467a-b692-21f1d207a8c2}" behavior="0" />
      <RootComponent type="60" id="{830e0233-980c-46ae-b59a-d415512cb026}" behavior="0" />
      <RootComponent type="60" id="{b9bbb55f-43fb-47f2-bc94-da0436f66b36}" behavior="0" />
      <RootComponent type="61" schemaName="devops_/components_/SolutionGrid/2.277f5b7c.chunk.js" behavior="0" />
      <RootComponent type="61" schemaName="devops_/components_/SolutionGrid/main.13b298a8.chunk.css" behavior="0" />
      <RootComponent type="61" schemaName="devops_/components_/SolutionGrid/main.32d782ba.chunk.js" behavior="0" />
      <RootComponent type="61" schemaName="devops_/components_/SolutionGrid/solutionImportOpenWr.js" behavior="0" />
      <RootComponent type="61" schemaName="devops_/components_/SolutionGrid/solutionImportWR.htm" behavior="0" />
      <RootComponent type="61" schemaName="devops_/components_/SolutionGrid/solutionSubGrid.html" behavior="0" />
      <RootComponent type="61" schemaName="devops_exportsolution" behavior="0" />
      <RootComponent type="61" schemaName="devops_ExportSolutionJS" behavior="0" />
      <RootComponent type="62" schemaName="devops_DevopsComponents" behavior="0" />
      <RootComponent type="80" schemaName="devops_DevopsComponents" behavior="0" />
      <RootComponent type="91" id="{e5f084d6-5a62-477a-b88d-83f47d32d737}" schemaName="MCS.D365.DevOps, Version=1.0.0.0, Culture=neutral, PublicKeyToken=92942fca041b9a1c" behavior="0" />
      <RootComponent type="92" id="{3fa899f8-fd27-eb11-a813-000d3ac04131}" behavior="0" />
      <RootComponent type="92" id="{fd85ee04-fe27-eb11-a813-000d3ac04131}" behavior="0" />
    </RootComponents>
    <MissingDependencies>
      <MissingDependency>
        <Required key="0" type="66" schemaName="MscrmControls.FlipSwitch.FlipSwitchControl" displayName="MscrmControls.FlipSwitch.FlipSwitchControl" solution="CustomControlsCore (9.1.0000.25832)" />
        <Dependent key="1" type="60" displayName="Information" parentDisplayName="Deployment" id="{830e0233-980c-46ae-b59a-d415512cb026}" />
      </MissingDependency>
      <MissingDependency>
        <Required key="2" type="61" schemaName="msdyn_/Images/AppModule_Default_Icon.png" displayName="msdyn_/Images/AppModule_Default_Icon.png" solution="AppModuleWebResources (2.5)" />
        <Dependent key="3" type="80" schemaName="devops_DevopsComponents" displayName="Devops Components" />
      </MissingDependency>
    </MissingDependencies>
  </SolutionManifest>
</ImportExportXml>